"filename", "language", "JSON", "JavaScript", "Markdown", "JavaScript JSX", "PostCSS", "XML", "Properties", "HTML", "comment", "blank", "total"
"/Users/suryapratap/Desktop/WEB-DEV/uber-clone/backend/README.md", "Markdown", 0, 0, 710, 0, 0, 0, 0, 0, 0, 229, 939
"/Users/suryapratap/Desktop/WEB-DEV/uber-clone/backend/app.js", "JavaScript", 0, 24, 0, 0, 0, 0, 0, 0, 4, 11, 39
"/Users/suryapratap/Desktop/WEB-DEV/uber-clone/backend/controllers/captain.controller.js", "JavaScript", 0, 57, 0, 0, 0, 0, 0, 0, 0, 13, 70
"/Users/suryapratap/Desktop/WEB-DEV/uber-clone/backend/controllers/map.controllers.js", "JavaScript", 0, 50, 0, 0, 0, 0, 0, 0, 0, 11, 61
"/Users/suryapratap/Desktop/WEB-DEV/uber-clone/backend/controllers/ride.controller.js", "JavaScript", 0, 31, 0, 0, 0, 0, 0, 0, 0, 13, 44
"/Users/suryapratap/Desktop/WEB-DEV/uber-clone/backend/controllers/user.controller.js", "JavaScript", 0, 54, 0, 0, 0, 0, 0, 0, 0, 18, 72
"/Users/suryapratap/Desktop/WEB-DEV/uber-clone/backend/db/db.js", "JavaScript", 0, 8, 0, 0, 0, 0, 0, 0, 0, 3, 11
"/Users/suryapratap/Desktop/WEB-DEV/uber-clone/backend/middlewares/auth.middleware.js", "JavaScript", 0, 43, 0, 0, 0, 0, 0, 0, 0, 4, 47
"/Users/suryapratap/Desktop/WEB-DEV/uber-clone/backend/models/blacklistToken.model.js", "JavaScript", 0, 15, 0, 0, 0, 0, 0, 0, 0, 3, 18
"/Users/suryapratap/Desktop/WEB-DEV/uber-clone/backend/models/captain.model.js", "JavaScript", 0, 79, 0, 0, 0, 0, 0, 0, 0, 8, 87
"/Users/suryapratap/Desktop/WEB-DEV/uber-clone/backend/models/ride.model.js", "JavaScript", 0, 51, 0, 0, 0, 0, 0, 0, 0, 5, 56
"/Users/suryapratap/Desktop/WEB-DEV/uber-clone/backend/models/user.model.js", "JavaScript", 0, 40, 0, 0, 0, 0, 0, 0, 0, 6, 46
"/Users/suryapratap/Desktop/WEB-DEV/uber-clone/backend/package-lock.json", "JSON", 2062, 0, 0, 0, 0, 0, 0, 0, 0, 1, 2063
"/Users/suryapratap/Desktop/WEB-DEV/uber-clone/backend/package.json", "JSON", 28, 0, 0, 0, 0, 0, 0, 0, 0, 1, 29
"/Users/suryapratap/Desktop/WEB-DEV/uber-clone/backend/routes/captain.routes.js", "JavaScript", 0, 22, 0, 0, 0, 0, 0, 0, 0, 9, 31
"/Users/suryapratap/Desktop/WEB-DEV/uber-clone/backend/routes/maps.routes.js", "JavaScript", 0, 8, 0, 0, 0, 0, 0, 0, 0, 10, 18
"/Users/suryapratap/Desktop/WEB-DEV/uber-clone/backend/routes/ride.routes.js", "JavaScript", 0, 17, 0, 0, 0, 0, 0, 0, 0, 10, 27
"/Users/suryapratap/Desktop/WEB-DEV/uber-clone/backend/routes/user.routes.js", "JavaScript", 0, 17, 0, 0, 0, 0, 0, 0, 1, 4, 22
"/Users/suryapratap/Desktop/WEB-DEV/uber-clone/backend/server.js", "JavaScript", 0, 9, 0, 0, 0, 0, 0, 0, 0, 5, 14
"/Users/suryapratap/Desktop/WEB-DEV/uber-clone/backend/services/captain.service.js", "JavaScript", 0, 23, 0, 0, 0, 0, 0, 0, 0, 3, 26
"/Users/suryapratap/Desktop/WEB-DEV/uber-clone/backend/services/maps.service.js", "JavaScript", 0, 62, 0, 0, 0, 0, 0, 0, 0, 19, 81
"/Users/suryapratap/Desktop/WEB-DEV/uber-clone/backend/services/ride.service.js", "JavaScript", 0, 64, 0, 0, 0, 0, 0, 0, 0, 18, 82
"/Users/suryapratap/Desktop/WEB-DEV/uber-clone/backend/services/user.service.js", "JavaScript", 0, 19, 0, 0, 0, 0, 0, 0, 0, 5, 24
"/Users/suryapratap/Desktop/WEB-DEV/uber-clone/backend/socket.js", "JavaScript", 0, 38, 0, 0, 0, 0, 0, 0, 2, 9, 49
"/Users/suryapratap/Desktop/WEB-DEV/uber-clone/frontend/.env", "Properties", 0, 0, 0, 0, 0, 0, 1, 0, 0, 0, 1
"/Users/suryapratap/Desktop/WEB-DEV/uber-clone/frontend/README.md", "Markdown", 0, 0, 50, 0, 0, 0, 0, 0, 0, 19, 69
"/Users/suryapratap/Desktop/WEB-DEV/uber-clone/frontend/eslint.config.js", "JavaScript", 0, 20, 0, 0, 0, 0, 0, 0, 0, 2, 22
"/Users/suryapratap/Desktop/WEB-DEV/uber-clone/frontend/index.html", "HTML", 0, 0, 0, 0, 0, 0, 0, 13, 0, 1, 14
"/Users/suryapratap/Desktop/WEB-DEV/uber-clone/frontend/package-lock.json", "JSON", 3470, 0, 0, 0, 0, 0, 0, 0, 0, 1, 3471
"/Users/suryapratap/Desktop/WEB-DEV/uber-clone/frontend/package.json", "JSON", 35, 0, 0, 0, 0, 0, 0, 0, 0, 1, 36
"/Users/suryapratap/Desktop/WEB-DEV/uber-clone/frontend/public/favicon.svg", "XML", 0, 0, 0, 0, 0, 1, 0, 0, 0, 0, 1
"/Users/suryapratap/Desktop/WEB-DEV/uber-clone/frontend/public/icons.svg", "XML", 0, 0, 0, 0, 0, 24, 0, 0, 0, 1, 25
"/Users/suryapratap/Desktop/WEB-DEV/uber-clone/frontend/src/App.css", "PostCSS", 0, 0, 0, 0, 0, 0, 0, 0, 0, 1, 1
"/Users/suryapratap/Desktop/WEB-DEV/uber-clone/frontend/src/App.jsx", "JavaScript JSX", 0, 0, 0, 55, 0, 0, 0, 0, 0, 8, 63
"/Users/suryapratap/Desktop/WEB-DEV/uber-clone/frontend/src/api/axios.js", "JavaScript", 0, 8, 0, 0, 0, 0, 0, 0, 0, 2, 10
"/Users/suryapratap/Desktop/WEB-DEV/uber-clone/frontend/src/assets/react.svg", "XML", 0, 0, 0, 0, 0, 1, 0, 0, 0, 0, 1
"/Users/suryapratap/Desktop/WEB-DEV/uber-clone/frontend/src/assets/vite.svg", "XML", 0, 0, 0, 0, 0, 1, 0, 0, 0, 1, 2
"/Users/suryapratap/Desktop/WEB-DEV/uber-clone/frontend/src/components/CaptainDetails.jsx", "JavaScript JSX", 0, 0, 0, 40, 0, 0, 0, 0, 0, 4, 44
"/Users/suryapratap/Desktop/WEB-DEV/uber-clone/frontend/src/components/ConfirmRidepopup.jsx", "JavaScript JSX", 0, 0, 0, 60, 0, 0, 0, 0, 0, 15, 75
"/Users/suryapratap/Desktop/WEB-DEV/uber-clone/frontend/src/components/ConfirmedRide.jsx", "JavaScript JSX", 0, 0, 0, 50, 0, 0, 0, 0, 0, 6, 56
"/Users/suryapratap/Desktop/WEB-DEV/uber-clone/frontend/src/components/LocationPanel.jsx", "JavaScript JSX", 0, 0, 0, 30, 0, 0, 0, 0, 1, 9, 40
"/Users/suryapratap/Desktop/WEB-DEV/uber-clone/frontend/src/components/LookingForDriver.jsx", "JavaScript JSX", 0, 0, 0, 46, 0, 0, 0, 0, 0, 7, 53
"/Users/suryapratap/Desktop/WEB-DEV/uber-clone/frontend/src/components/RidePopup.jsx", "JavaScript JSX", 0, 0, 0, 48, 0, 0, 0, 0, 0, 7, 55
"/Users/suryapratap/Desktop/WEB-DEV/uber-clone/frontend/src/components/VehiclePanel.jsx", "JavaScript JSX", 0, 0, 0, 55, 0, 0, 0, 0, 0, 4, 59
"/Users/suryapratap/Desktop/WEB-DEV/uber-clone/frontend/src/components/WaitingForDriver.jsx", "JavaScript JSX", 0, 0, 0, 45, 0, 0, 0, 0, 0, 8, 53
"/Users/suryapratap/Desktop/WEB-DEV/uber-clone/frontend/src/context/CaptainContext.jsx", "JavaScript JSX", 0, 0, 0, 32, 0, 0, 0, 0, 0, 3, 35
"/Users/suryapratap/Desktop/WEB-DEV/uber-clone/frontend/src/context/SocketContextProvider.jsx", "JavaScript JSX", 0, 0, 0, 22, 0, 0, 0, 0, 1, 14, 37
"/Users/suryapratap/Desktop/WEB-DEV/uber-clone/frontend/src/context/Usercont.jsx", "JavaScript JSX", 0, 0, 0, 20, 0, 0, 0, 0, 0, 5, 25
"/Users/suryapratap/Desktop/WEB-DEV/uber-clone/frontend/src/index.css", "PostCSS", 0, 0, 0, 0, 1, 0, 0, 0, 0, 0, 1
"/Users/suryapratap/Desktop/WEB-DEV/uber-clone/frontend/src/main.jsx", "JavaScript JSX", 0, 0, 0, 19, 0, 0, 0, 0, 0, 11, 30
"/Users/suryapratap/Desktop/WEB-DEV/uber-clone/frontend/src/pages/CaptainHome.jsx", "JavaScript JSX", 0, 0, 0, 69, 0, 0, 0, 0, 0, 15, 84
"/Users/suryapratap/Desktop/WEB-DEV/uber-clone/frontend/src/pages/CaptainLogin.jsx", "JavaScript JSX", 0, 0, 0, 57, 0, 0, 0, 0, 0, 10, 67
"/Users/suryapratap/Desktop/WEB-DEV/uber-clone/frontend/src/pages/CaptainLogout.jsx", "JavaScript JSX", 0, 0, 0, 27, 0, 0, 0, 0, 0, 6, 33
"/Users/suryapratap/Desktop/WEB-DEV/uber-clone/frontend/src/pages/CaptainProtectorWrapper.jsx", "JavaScript JSX", 0, 0, 0, 42, 0, 0, 0, 0, 0, 5, 47
"/Users/suryapratap/Desktop/WEB-DEV/uber-clone/frontend/src/pages/CaptainRiding.jsx", "JavaScript JSX", 0, 0, 0, 47, 0, 0, 0, 0, 0, 10, 57
"/Users/suryapratap/Desktop/WEB-DEV/uber-clone/frontend/src/pages/CaptainSignup.jsx", "JavaScript JSX", 0, 0, 0, 93, 0, 0, 0, 0, 0, 17, 110
"/Users/suryapratap/Desktop/WEB-DEV/uber-clone/frontend/src/pages/FinishRide.jsx", "JavaScript JSX", 0, 0, 0, 50, 0, 0, 0, 0, 0, 9, 59
"/Users/suryapratap/Desktop/WEB-DEV/uber-clone/frontend/src/pages/Home.jsx", "JavaScript JSX", 0, 0, 0, 202, 0, 0, 0, 0, 1, 47, 250
"/Users/suryapratap/Desktop/WEB-DEV/uber-clone/frontend/src/pages/Riding.jsx", "JavaScript JSX", 0, 0, 0, 44, 0, 0, 0, 0, 0, 6, 50
"/Users/suryapratap/Desktop/WEB-DEV/uber-clone/frontend/src/pages/Start.jsx", "JavaScript JSX", 0, 0, 0, 16, 0, 0, 0, 0, 0, 3, 19
"/Users/suryapratap/Desktop/WEB-DEV/uber-clone/frontend/src/pages/UserLogin.jsx", "JavaScript JSX", 0, 0, 0, 60, 0, 0, 0, 0, 0, 17, 77
"/Users/suryapratap/Desktop/WEB-DEV/uber-clone/frontend/src/pages/UserLogout.jsx", "JavaScript JSX", 0, 0, 0, 21, 0, 0, 0, 0, 0, 3, 24
"/Users/suryapratap/Desktop/WEB-DEV/uber-clone/frontend/src/pages/UserProtectorWrapper.jsx", "JavaScript JSX", 0, 0, 0, 45, 0, 0, 0, 0, 1, 6, 52
"/Users/suryapratap/Desktop/WEB-DEV/uber-clone/frontend/src/pages/UserSignup.jsx", "JavaScript JSX", 0, 0, 0, 68, 0, 0, 0, 0, 0, 11, 79
"/Users/suryapratap/Desktop/WEB-DEV/uber-clone/frontend/vite.config.js", "JavaScript", 0, 6, 0, 0, 0, 0, 0, 0, 1, 2, 9
"/Users/suryapratap/Desktop/WEB-DEV/uber-clone/package-lock.json", "JSON", 21, 0, 0, 0, 0, 0, 0, 0, 0, 1, 22
"/Users/suryapratap/Desktop/WEB-DEV/uber-clone/package.json", "JSON", 5, 0, 0, 0, 0, 0, 0, 0, 0, 1, 6
"Total", "-", 5621, 765, 760, 1363, 1, 27, 1, 13, 12, 717, 9280